<?xml version="1.0" ?><gui__tubes.ArrayList><arrayList><gui__tubes.Data><username><value>w</value><valid>true</valid><name></name></username><domisili><value>w</value><valid>true</valid><name></name></domisili><goldar><value>AB-</value><valid>true</valid><name></name></goldar><notelp><value>w</value><valid>true</valid><name></name></notelp></gui__tubes.Data><gui__tubes.Data><username><value>a</value><valid>true</valid><name></name></username><domisili><value>a</value><valid>true</valid><name></name></domisili><goldar><value>B-</value><valid>true</valid><name></name></goldar><notelp><value>a</value><valid>true</valid><name></name></notelp></gui__tubes.Data><gui__tubes.Data><username><value>fgfg</value><valid>true</valid><name></name></username><domisili><value>fgfg</value><valid>true</valid><name></name></domisili><goldar><value>AB+</value><valid>true</valid><name></name></goldar><notelp><value>fgfg</value><valid>true</valid><name></name></notelp></gui__tubes.Data><gui__tubes.Data><username><value>alinamarsha</value><valid>true</valid><name></name></username><domisili><value>Bali</value><valid>true</valid><name></name></domisili><goldar><value>AB-</value><valid>true</valid><name></name></goldar><notelp><value>08123388967</value><valid>true</valid><name></name></notelp></gui__tubes.Data><gui__tubes.Data><username><value>alinamarsha</value><valid>true</valid><name></name></username><domisili><value>Bali</value><valid>true</valid><name></name></domisili><goldar><value>AB-</value><valid>true</valid><name></name></goldar><notelp><value>081283949680</value><valid>true</valid><name></name></notelp></gui__tubes.Data><gui__tubes.Data><username><value>a</value><valid>true</valid><name></name></username><domisili><value>a</value><valid>true</valid><name></name></domisili><goldar><value>B-</value><valid>true</valid><name></name></goldar><notelp><value>a</value><valid>true</valid><name></name></notelp></gui__tubes.Data><gui__tubes.Data><username><value>a</value><valid>true</valid><name></name></username><domisili><value>a</value><valid>true</valid><name></name></domisili><goldar><value>O-</value><valid>true</valid><name></name></goldar><notelp><value>a</value><valid>true</valid><name></name></notelp></gui__tubes.Data><gui__tubes.Data><username><value>d</value><valid>true</valid><name></name></username><domisili><value>d</value><valid>true</valid><name></name></domisili><goldar><value>B-</value><valid>true</valid><name></name></goldar><notelp><value>d</value><valid>true</valid><name></name></notelp></gui__tubes.Data><gui__tubes.Data><username><value>a</value><valid>true</valid><name></name></username><domisili><value>a</value><valid>true</valid><name></name></domisili><goldar><value>O-</value><valid>true</valid><name></name></goldar><notelp><value>a</value><valid>true</valid><name></name></notelp></gui__tubes.Data><null></null></arrayList><size>9</size></gui__tubes.ArrayList>