<?xml version="1.0" encoding="UTF-8"?>
<project-private xmlns="http://www.netbeans.org/ns/project-private/1">
    <editor-bookmarks xmlns="http://www.netbeans.org/ns/editor-bookmarks/2" lastBookmarkId="0"/>
    <open-files xmlns="http://www.netbeans.org/ns/projectui-open-files/2">
        <group>
            <file>file:/C:/Users/ACER_ASPIRE%20E14/Downloads/FPA_Tubes-master/FPA_Tubes-master/src/gui_tubes/TableViewController.java</file>
            <file>file:/C:/Users/ACER_ASPIRE%20E14/Downloads/FPA_Tubes-master/FPA_Tubes-master/src/gui_tubes/StatistikController.java</file>
            <file>file:/C:/Users/ACER_ASPIRE%20E14/Downloads/FPA_Tubes-master/FPA_Tubes-master/src/gui_tubes/DataList.java</file>
        </group>
    </open-files>
</project-private>
